Earliest Specimen Date,Nation,Pillar,Daily number of positive cases (new methodology),Cumulative number of positive cases (new methodology)
30/01/2020,England,Pillar 1,2,2
30/01/2020,Northern Ireland,Pillar 1,0,0
30/01/2020,Scotland,Pillar 1,0,0
30/01/2020,Wales,Pillar 1,0,0
30/01/2020,UK,Pillar 1,2,2
30/01/2020,England,Pillar 2,0,0
30/01/2020,Northern Ireland,Pillar 2,0,0
30/01/2020,Scotland,Pillar 2,0,0
30/01/2020,Wales,Pillar 2,0,0
30/01/2020,UK,Pillar 2,0,0
31/01/2020,England,Pillar 1,0,2
31/01/2020,Northern Ireland,Pillar 1,0,0
31/01/2020,Scotland,Pillar 1,0,0
31/01/2020,Wales,Pillar 1,0,0
31/01/2020,UK,Pillar 1,0,2
31/01/2020,England,Pillar 2,0,0
31/01/2020,Northern Ireland,Pillar 2,0,0
31/01/2020,Scotland,Pillar 2,0,0
31/01/2020,Wales,Pillar 2,0,0
31/01/2020,UK,Pillar 2,0,0
01/02/2020,England,Pillar 1,0,2
01/02/2020,Northern Ireland,Pillar 1,0,0
01/02/2020,Scotland,Pillar 1,0,0
01/02/2020,Wales,Pillar 1,0,0
01/02/2020,UK,Pillar 1,0,2
01/02/2020,England,Pillar 2,0,0
01/02/2020,Northern Ireland,Pillar 2,0,0
01/02/2020,Scotland,Pillar 2,0,0
01/02/2020,Wales,Pillar 2,0,0
01/02/2020,UK,Pillar 2,0,0
02/02/2020,England,Pillar 1,0,2
02/02/2020,Northern Ireland,Pillar 1,0,0
02/02/2020,Scotland,Pillar 1,0,0
02/02/2020,Wales,Pillar 1,0,0
02/02/2020,UK,Pillar 1,0,2
02/02/2020,England,Pillar 2,0,0
02/02/2020,Northern Ireland,Pillar 2,0,0
02/02/2020,Scotland,Pillar 2,0,0
02/02/2020,Wales,Pillar 2,0,0
02/02/2020,UK,Pillar 2,0,0
03/02/2020,England,Pillar 1,1,3
03/02/2020,Northern Ireland,Pillar 1,0,0
03/02/2020,Scotland,Pillar 1,0,0
03/02/2020,Wales,Pillar 1,0,0
03/02/2020,UK,Pillar 1,1,3
03/02/2020,England,Pillar 2,0,0
03/02/2020,Northern Ireland,Pillar 2,0,0
03/02/2020,Scotland,Pillar 2,0,0
03/02/2020,Wales,Pillar 2,0,0
03/02/2020,UK,Pillar 2,0,0
04/02/2020,England,Pillar 1,0,3
04/02/2020,Northern Ireland,Pillar 1,0,0
04/02/2020,Scotland,Pillar 1,0,0
04/02/2020,Wales,Pillar 1,0,0
04/02/2020,UK,Pillar 1,0,3
04/02/2020,England,Pillar 2,0,0
04/02/2020,Northern Ireland,Pillar 2,0,0
04/02/2020,Scotland,Pillar 2,0,0
04/02/2020,Wales,Pillar 2,0,0
04/02/2020,UK,Pillar 2,0,0
05/02/2020,England,Pillar 1,1,4
05/02/2020,Northern Ireland,Pillar 1,0,0
05/02/2020,Scotland,Pillar 1,0,0
05/02/2020,Wales,Pillar 1,0,0
05/02/2020,UK,Pillar 1,1,4
05/02/2020,England,Pillar 2,0,0
05/02/2020,Northern Ireland,Pillar 2,0,0
05/02/2020,Scotland,Pillar 2,0,0
05/02/2020,Wales,Pillar 2,0,0
05/02/2020,UK,Pillar 2,0,0
06/02/2020,England,Pillar 1,0,4
06/02/2020,Northern Ireland,Pillar 1,0,0
06/02/2020,Scotland,Pillar 1,0,0
06/02/2020,Wales,Pillar 1,0,0
06/02/2020,UK,Pillar 1,0,4
06/02/2020,England,Pillar 2,0,0
06/02/2020,Northern Ireland,Pillar 2,0,0
06/02/2020,Scotland,Pillar 2,0,0
06/02/2020,Wales,Pillar 2,0,0
06/02/2020,UK,Pillar 2,0,0
07/02/2020,England,Pillar 1,0,4
07/02/2020,Northern Ireland,Pillar 1,0,0
07/02/2020,Scotland,Pillar 1,0,0
07/02/2020,Wales,Pillar 1,0,0
07/02/2020,UK,Pillar 1,0,4
07/02/2020,England,Pillar 2,0,0
07/02/2020,Northern Ireland,Pillar 2,0,0
07/02/2020,Scotland,Pillar 2,0,0
07/02/2020,Wales,Pillar 2,0,0
07/02/2020,UK,Pillar 2,0,0
08/02/2020,England,Pillar 1,4,8
08/02/2020,Northern Ireland,Pillar 1,0,0
08/02/2020,Scotland,Pillar 1,0,0
08/02/2020,Wales,Pillar 1,0,0
08/02/2020,UK,Pillar 1,4,8
08/02/2020,England,Pillar 2,0,0
08/02/2020,Northern Ireland,Pillar 2,0,0
08/02/2020,Scotland,Pillar 2,0,0
08/02/2020,Wales,Pillar 2,0,0
08/02/2020,UK,Pillar 2,0,0
09/02/2020,England,Pillar 1,1,9
09/02/2020,Northern Ireland,Pillar 1,0,0
09/02/2020,Scotland,Pillar 1,0,0
09/02/2020,Wales,Pillar 1,0,0
09/02/2020,UK,Pillar 1,1,9
09/02/2020,England,Pillar 2,0,0
09/02/2020,Northern Ireland,Pillar 2,0,0
09/02/2020,Scotland,Pillar 2,0,0
09/02/2020,Wales,Pillar 2,0,0
09/02/2020,UK,Pillar 2,0,0
10/02/2020,England,Pillar 1,0,9
10/02/2020,Northern Ireland,Pillar 1,0,0
10/02/2020,Scotland,Pillar 1,0,0
10/02/2020,Wales,Pillar 1,0,0
10/02/2020,UK,Pillar 1,0,9
10/02/2020,England,Pillar 2,0,0
10/02/2020,Northern Ireland,Pillar 2,0,0
10/02/2020,Scotland,Pillar 2,0,0
10/02/2020,Wales,Pillar 2,0,0
10/02/2020,UK,Pillar 2,0,0
11/02/2020,England,Pillar 1,1,10
11/02/2020,Northern Ireland,Pillar 1,0,0
11/02/2020,Scotland,Pillar 1,0,0
11/02/2020,Wales,Pillar 1,0,0
11/02/2020,UK,Pillar 1,1,10
11/02/2020,England,Pillar 2,0,0
11/02/2020,Northern Ireland,Pillar 2,0,0
11/02/2020,Scotland,Pillar 2,0,0
11/02/2020,Wales,Pillar 2,0,0
11/02/2020,UK,Pillar 2,0,0
12/02/2020,England,Pillar 1,0,10
12/02/2020,Northern Ireland,Pillar 1,0,0
12/02/2020,Scotland,Pillar 1,0,0
12/02/2020,Wales,Pillar 1,0,0
12/02/2020,UK,Pillar 1,0,10
12/02/2020,England,Pillar 2,0,0
12/02/2020,Northern Ireland,Pillar 2,0,0
12/02/2020,Scotland,Pillar 2,0,0
12/02/2020,Wales,Pillar 2,0,0
12/02/2020,UK,Pillar 2,0,0
13/02/2020,England,Pillar 1,0,10
13/02/2020,Northern Ireland,Pillar 1,0,0
13/02/2020,Scotland,Pillar 1,0,0
13/02/2020,Wales,Pillar 1,0,0
13/02/2020,UK,Pillar 1,0,10
13/02/2020,England,Pillar 2,0,0
13/02/2020,Northern Ireland,Pillar 2,0,0
13/02/2020,Scotland,Pillar 2,0,0
13/02/2020,Wales,Pillar 2,0,0
13/02/2020,UK,Pillar 2,0,0
14/02/2020,England,Pillar 1,0,10
14/02/2020,Northern Ireland,Pillar 1,0,0
14/02/2020,Scotland,Pillar 1,0,0
14/02/2020,Wales,Pillar 1,0,0
14/02/2020,UK,Pillar 1,0,10
14/02/2020,England,Pillar 2,0,0
14/02/2020,Northern Ireland,Pillar 2,0,0
14/02/2020,Scotland,Pillar 2,0,0
14/02/2020,Wales,Pillar 2,0,0
14/02/2020,UK,Pillar 2,0,0
15/02/2020,England,Pillar 1,0,10
15/02/2020,Northern Ireland,Pillar 1,0,0
15/02/2020,Scotland,Pillar 1,0,0
15/02/2020,Wales,Pillar 1,0,0
15/02/2020,UK,Pillar 1,0,10
15/02/2020,England,Pillar 2,0,0
15/02/2020,Northern Ireland,Pillar 2,0,0
15/02/2020,Scotland,Pillar 2,0,0
15/02/2020,Wales,Pillar 2,0,0
15/02/2020,UK,Pillar 2,0,0
16/02/2020,England,Pillar 1,0,10
16/02/2020,Northern Ireland,Pillar 1,0,0
16/02/2020,Scotland,Pillar 1,0,0
16/02/2020,Wales,Pillar 1,0,0
16/02/2020,UK,Pillar 1,0,10
16/02/2020,England,Pillar 2,0,0
16/02/2020,Northern Ireland,Pillar 2,0,0
16/02/2020,Scotland,Pillar 2,0,0
16/02/2020,Wales,Pillar 2,0,0
16/02/2020,UK,Pillar 2,0,0
17/02/2020,England,Pillar 1,0,10
17/02/2020,Northern Ireland,Pillar 1,0,0
17/02/2020,Scotland,Pillar 1,0,0
17/02/2020,Wales,Pillar 1,0,0
17/02/2020,UK,Pillar 1,0,10
17/02/2020,England,Pillar 2,0,0
17/02/2020,Northern Ireland,Pillar 2,0,0
17/02/2020,Scotland,Pillar 2,0,0
17/02/2020,Wales,Pillar 2,0,0
17/02/2020,UK,Pillar 2,0,0
18/02/2020,England,Pillar 1,0,10
18/02/2020,Northern Ireland,Pillar 1,0,0
18/02/2020,Scotland,Pillar 1,0,0
18/02/2020,Wales,Pillar 1,0,0
18/02/2020,UK,Pillar 1,0,10
18/02/2020,England,Pillar 2,0,0
18/02/2020,Northern Ireland,Pillar 2,0,0
18/02/2020,Scotland,Pillar 2,0,0
18/02/2020,Wales,Pillar 2,0,0
18/02/2020,UK,Pillar 2,0,0
19/02/2020,England,Pillar 1,0,10
19/02/2020,Northern Ireland,Pillar 1,0,0
19/02/2020,Scotland,Pillar 1,0,0
19/02/2020,Wales,Pillar 1,0,0
19/02/2020,UK,Pillar 1,0,10
19/02/2020,England,Pillar 2,0,0
19/02/2020,Northern Ireland,Pillar 2,0,0
19/02/2020,Scotland,Pillar 2,0,0
19/02/2020,Wales,Pillar 2,0,0
19/02/2020,UK,Pillar 2,0,0
20/02/2020,England,Pillar 1,0,10
20/02/2020,Northern Ireland,Pillar 1,0,0
20/02/2020,Scotland,Pillar 1,0,0
20/02/2020,Wales,Pillar 1,0,0
20/02/2020,UK,Pillar 1,0,10
20/02/2020,England,Pillar 2,0,0
20/02/2020,Northern Ireland,Pillar 2,0,0
20/02/2020,Scotland,Pillar 2,0,0
20/02/2020,Wales,Pillar 2,0,0
20/02/2020,UK,Pillar 2,0,0
21/02/2020,England,Pillar 1,1,11
21/02/2020,Northern Ireland,Pillar 1,0,0
21/02/2020,Scotland,Pillar 1,0,0
21/02/2020,Wales,Pillar 1,0,0
21/02/2020,UK,Pillar 1,1,11
21/02/2020,England,Pillar 2,0,0
21/02/2020,Northern Ireland,Pillar 2,0,0
21/02/2020,Scotland,Pillar 2,0,0
21/02/2020,Wales,Pillar 2,0,0
21/02/2020,UK,Pillar 2,0,0
22/02/2020,England,Pillar 1,0,11
22/02/2020,Northern Ireland,Pillar 1,0,0
22/02/2020,Scotland,Pillar 1,0,0
22/02/2020,Wales,Pillar 1,0,0
22/02/2020,UK,Pillar 1,0,11
22/02/2020,England,Pillar 2,0,0
22/02/2020,Northern Ireland,Pillar 2,0,0
22/02/2020,Scotland,Pillar 2,0,0
22/02/2020,Wales,Pillar 2,0,0
22/02/2020,UK,Pillar 2,0,0
23/02/2020,England,Pillar 1,0,11
23/02/2020,Northern Ireland,Pillar 1,0,0
23/02/2020,Scotland,Pillar 1,0,0
23/02/2020,Wales,Pillar 1,0,0
23/02/2020,UK,Pillar 1,0,11
23/02/2020,England,Pillar 2,0,0
23/02/2020,Northern Ireland,Pillar 2,0,0
23/02/2020,Scotland,Pillar 2,0,0
23/02/2020,Wales,Pillar 2,0,0
23/02/2020,UK,Pillar 2,0,0
24/02/2020,England,Pillar 1,2,13
24/02/2020,Northern Ireland,Pillar 1,0,0
24/02/2020,Scotland,Pillar 1,0,0
24/02/2020,Wales,Pillar 1,0,0
24/02/2020,UK,Pillar 1,2,13
24/02/2020,England,Pillar 2,0,0
24/02/2020,Northern Ireland,Pillar 2,0,0
24/02/2020,Scotland,Pillar 2,0,0
24/02/2020,Wales,Pillar 2,0,0
24/02/2020,UK,Pillar 2,0,0
25/02/2020,England,Pillar 1,5,18
25/02/2020,Northern Ireland,Pillar 1,0,0
25/02/2020,Scotland,Pillar 1,0,0
25/02/2020,Wales,Pillar 1,0,0
25/02/2020,UK,Pillar 1,5,18
25/02/2020,England,Pillar 2,0,0
25/02/2020,Northern Ireland,Pillar 2,0,0
25/02/2020,Scotland,Pillar 2,0,0
25/02/2020,Wales,Pillar 2,0,0
25/02/2020,UK,Pillar 2,0,0
26/02/2020,England,Pillar 1,4,22
26/02/2020,Northern Ireland,Pillar 1,0,0
26/02/2020,Scotland,Pillar 1,0,0
26/02/2020,Wales,Pillar 1,0,0
26/02/2020,UK,Pillar 1,4,22
26/02/2020,England,Pillar 2,0,0
26/02/2020,Northern Ireland,Pillar 2,0,0
26/02/2020,Scotland,Pillar 2,0,0
26/02/2020,Wales,Pillar 2,0,0
26/02/2020,UK,Pillar 2,0,0
27/02/2020,England,Pillar 1,7,29
27/02/2020,Northern Ireland,Pillar 1,0,0
27/02/2020,Scotland,Pillar 1,0,0
27/02/2020,Wales,Pillar 1,1,1
27/02/2020,UK,Pillar 1,8,30
27/02/2020,England,Pillar 2,0,0
27/02/2020,Northern Ireland,Pillar 2,0,0
27/02/2020,Scotland,Pillar 2,0,0
27/02/2020,Wales,Pillar 2,0,0
27/02/2020,UK,Pillar 2,0,0
28/02/2020,England,Pillar 1,11,40
28/02/2020,Northern Ireland,Pillar 1,0,0
28/02/2020,Scotland,Pillar 1,1,1
28/02/2020,Wales,Pillar 1,0,1
28/02/2020,UK,Pillar 1,12,42
28/02/2020,England,Pillar 2,0,0
28/02/2020,Northern Ireland,Pillar 2,0,0
28/02/2020,Scotland,Pillar 2,0,0
28/02/2020,Wales,Pillar 2,0,0
28/02/2020,UK,Pillar 2,0,0
29/02/2020,England,Pillar 1,5,45
29/02/2020,Northern Ireland,Pillar 1,0,0
29/02/2020,Scotland,Pillar 1,0,1
29/02/2020,Wales,Pillar 1,0,1
29/02/2020,UK,Pillar 1,5,47
29/02/2020,England,Pillar 2,0,0
29/02/2020,Northern Ireland,Pillar 2,0,0
29/02/2020,Scotland,Pillar 2,0,0
29/02/2020,Wales,Pillar 2,0,0
29/02/2020,UK,Pillar 2,0,0
01/03/2020,England,Pillar 1,20,65
01/03/2020,Northern Ireland,Pillar 1,0,0
01/03/2020,Scotland,Pillar 1,2,3
01/03/2020,Wales,Pillar 1,0,1
01/03/2020,UK,Pillar 1,22,69
01/03/2020,England,Pillar 2,0,0
01/03/2020,Northern Ireland,Pillar 2,0,0
01/03/2020,Scotland,Pillar 2,0,0
01/03/2020,Wales,Pillar 2,0,0
01/03/2020,UK,Pillar 2,0,0
02/03/2020,England,Pillar 1,39,104
02/03/2020,Northern Ireland,Pillar 1,0,0
02/03/2020,Scotland,Pillar 1,1,4
02/03/2020,Wales,Pillar 1,0,1
02/03/2020,UK,Pillar 1,40,109
02/03/2020,England,Pillar 2,0,0
02/03/2020,Northern Ireland,Pillar 2,0,0
02/03/2020,Scotland,Pillar 2,0,0
02/03/2020,Wales,Pillar 2,0,0
02/03/2020,UK,Pillar 2,0,0
03/03/2020,England,Pillar 1,53,157
03/03/2020,Northern Ireland,Pillar 1,0,0
03/03/2020,Scotland,Pillar 1,3,7
03/03/2020,Wales,Pillar 1,0,1
03/03/2020,UK,Pillar 1,56,165
03/03/2020,England,Pillar 2,0,0
03/03/2020,Northern Ireland,Pillar 2,0,0
03/03/2020,Scotland,Pillar 2,0,0
03/03/2020,Wales,Pillar 2,0,0
03/03/2020,UK,Pillar 2,0,0
04/03/2020,England,Pillar 1,49,206
04/03/2020,Northern Ireland,Pillar 1,0,0
04/03/2020,Scotland,Pillar 1,6,13
04/03/2020,Wales,Pillar 1,1,2
04/03/2020,UK,Pillar 1,56,221
04/03/2020,England,Pillar 2,0,0
04/03/2020,Northern Ireland,Pillar 2,0,0
04/03/2020,Scotland,Pillar 2,0,0
04/03/2020,Wales,Pillar 2,0,0
04/03/2020,UK,Pillar 2,0,0
05/03/2020,England,Pillar 1,47,253
05/03/2020,Northern Ireland,Pillar 1,0,0
05/03/2020,Scotland,Pillar 1,2,15
05/03/2020,Wales,Pillar 1,0,2
05/03/2020,UK,Pillar 1,49,270
05/03/2020,England,Pillar 2,0,0
05/03/2020,Northern Ireland,Pillar 2,0,0
05/03/2020,Scotland,Pillar 2,0,0
05/03/2020,Wales,Pillar 2,0,0
05/03/2020,UK,Pillar 2,0,0
06/03/2020,England,Pillar 1,73,326
06/03/2020,Northern Ireland,Pillar 1,0,0
06/03/2020,Scotland,Pillar 1,6,21
06/03/2020,Wales,Pillar 1,0,2
06/03/2020,UK,Pillar 1,79,349
06/03/2020,England,Pillar 2,0,0
06/03/2020,Northern Ireland,Pillar 2,0,0
06/03/2020,Scotland,Pillar 2,0,0
06/03/2020,Wales,Pillar 2,0,0
06/03/2020,UK,Pillar 2,0,0
07/03/2020,England,Pillar 1,47,373
07/03/2020,Northern Ireland,Pillar 1,0,0
07/03/2020,Scotland,Pillar 1,6,27
07/03/2020,Wales,Pillar 1,2,4
07/03/2020,UK,Pillar 1,55,404
07/03/2020,England,Pillar 2,0,0
07/03/2020,Northern Ireland,Pillar 2,0,0
07/03/2020,Scotland,Pillar 2,0,0
07/03/2020,Wales,Pillar 2,0,0
07/03/2020,UK,Pillar 2,0,0
08/03/2020,England,Pillar 1,50,423
08/03/2020,Northern Ireland,Pillar 1,0,0
08/03/2020,Scotland,Pillar 1,3,30
08/03/2020,Wales,Pillar 1,1,5
08/03/2020,UK,Pillar 1,54,458
08/03/2020,England,Pillar 2,0,0
08/03/2020,Northern Ireland,Pillar 2,0,0
08/03/2020,Scotland,Pillar 2,0,0
08/03/2020,Wales,Pillar 2,0,0
08/03/2020,UK,Pillar 2,0,0
09/03/2020,England,Pillar 1,125,548
09/03/2020,Northern Ireland,Pillar 1,1,1
09/03/2020,Scotland,Pillar 1,18,48
09/03/2020,Wales,Pillar 1,3,8
09/03/2020,UK,Pillar 1,147,605
09/03/2020,England,Pillar 2,0,0
09/03/2020,Northern Ireland,Pillar 2,0,0
09/03/2020,Scotland,Pillar 2,0,0
09/03/2020,Wales,Pillar 2,0,0
09/03/2020,UK,Pillar 2,0,0
10/03/2020,England,Pillar 1,223,771
10/03/2020,Northern Ireland,Pillar 1,4,5
10/03/2020,Scotland,Pillar 1,19,67
10/03/2020,Wales,Pillar 1,12,20
10/03/2020,UK,Pillar 1,258,863
10/03/2020,England,Pillar 2,0,0
10/03/2020,Northern Ireland,Pillar 2,0,0
10/03/2020,Scotland,Pillar 2,0,0
10/03/2020,Wales,Pillar 2,0,0
10/03/2020,UK,Pillar 2,0,0
11/03/2020,England,Pillar 1,353,1124
11/03/2020,Northern Ireland,Pillar 1,11,16
11/03/2020,Scotland,Pillar 1,27,94
11/03/2020,Wales,Pillar 1,15,35
11/03/2020,UK,Pillar 1,406,1269
11/03/2020,England,Pillar 2,0,0
11/03/2020,Northern Ireland,Pillar 2,0,0
11/03/2020,Scotland,Pillar 2,0,0
11/03/2020,Wales,Pillar 2,0,0
11/03/2020,UK,Pillar 2,0,0
12/03/2020,England,Pillar 1,415,1539
12/03/2020,Northern Ireland,Pillar 1,4,20
12/03/2020,Scotland,Pillar 1,40,134
12/03/2020,Wales,Pillar 1,25,60
12/03/2020,UK,Pillar 1,484,1753
12/03/2020,England,Pillar 2,0,0
12/03/2020,Northern Ireland,Pillar 2,0,0
12/03/2020,Scotland,Pillar 2,0,0
12/03/2020,Wales,Pillar 2,0,0
12/03/2020,UK,Pillar 2,0,0
13/03/2020,England,Pillar 1,392,1931
13/03/2020,Northern Ireland,Pillar 1,11,31
13/03/2020,Scotland,Pillar 1,47,181
13/03/2020,Wales,Pillar 1,28,88
13/03/2020,UK,Pillar 1,478,2231
13/03/2020,England,Pillar 2,0,0
13/03/2020,Northern Ireland,Pillar 2,0,0
13/03/2020,Scotland,Pillar 2,0,0
13/03/2020,Wales,Pillar 2,0,0
13/03/2020,UK,Pillar 2,0,0
14/03/2020,England,Pillar 1,314,2245
14/03/2020,Northern Ireland,Pillar 1,10,41
14/03/2020,Scotland,Pillar 1,18,199
14/03/2020,Wales,Pillar 1,19,107
14/03/2020,UK,Pillar 1,361,2592
14/03/2020,England,Pillar 2,0,0
14/03/2020,Northern Ireland,Pillar 2,0,0
14/03/2020,Scotland,Pillar 2,0,0
14/03/2020,Wales,Pillar 2,0,0
14/03/2020,UK,Pillar 2,0,0
15/03/2020,England,Pillar 1,397,2642
15/03/2020,Northern Ireland,Pillar 1,5,46
15/03/2020,Scotland,Pillar 1,11,210
15/03/2020,Wales,Pillar 1,32,139
15/03/2020,UK,Pillar 1,445,3037
15/03/2020,England,Pillar 2,0,0
15/03/2020,Northern Ireland,Pillar 2,0,0
15/03/2020,Scotland,Pillar 2,0,0
15/03/2020,Wales,Pillar 2,0,0
15/03/2020,UK,Pillar 2,0,0
16/03/2020,England,Pillar 1,546,3188
16/03/2020,Northern Ireland,Pillar 1,9,55
16/03/2020,Scotland,Pillar 1,21,231
16/03/2020,Wales,Pillar 1,37,176
16/03/2020,UK,Pillar 1,613,3650
16/03/2020,England,Pillar 2,0,0
16/03/2020,Northern Ireland,Pillar 2,0,0
16/03/2020,Scotland,Pillar 2,0,0
16/03/2020,Wales,Pillar 2,0,0
16/03/2020,UK,Pillar 2,0,0
17/03/2020,England,Pillar 1,679,3867
17/03/2020,Northern Ireland,Pillar 1,10,65
17/03/2020,Scotland,Pillar 1,43,274
17/03/2020,Wales,Pillar 1,37,213
17/03/2020,UK,Pillar 1,769,4419
17/03/2020,England,Pillar 2,0,0
17/03/2020,Northern Ireland,Pillar 2,0,0
17/03/2020,Scotland,Pillar 2,0,0
17/03/2020,Wales,Pillar 2,0,0
17/03/2020,UK,Pillar 2,0,0
18/03/2020,England,Pillar 1,909,4776
18/03/2020,Northern Ireland,Pillar 1,14,79
18/03/2020,Scotland,Pillar 1,41,315
18/03/2020,Wales,Pillar 1,36,249
18/03/2020,UK,Pillar 1,1000,5419
18/03/2020,England,Pillar 2,0,0
18/03/2020,Northern Ireland,Pillar 2,0,0
18/03/2020,Scotland,Pillar 2,0,0
18/03/2020,Wales,Pillar 2,0,0
18/03/2020,UK,Pillar 2,0,0
19/03/2020,England,Pillar 1,931,5707
19/03/2020,Northern Ireland,Pillar 1,15,94
19/03/2020,Scotland,Pillar 1,50,365
19/03/2020,Wales,Pillar 1,60,309
19/03/2020,UK,Pillar 1,1056,6475
19/03/2020,England,Pillar 2,0,0
19/03/2020,Northern Ireland,Pillar 2,0,0
19/03/2020,Scotland,Pillar 2,0,0
19/03/2020,Wales,Pillar 2,0,0
19/03/2020,UK,Pillar 2,0,0
20/03/2020,England,Pillar 1,1080,6787
20/03/2020,Northern Ireland,Pillar 1,18,112
20/03/2020,Scotland,Pillar 1,82,447
20/03/2020,Wales,Pillar 1,73,382
20/03/2020,UK,Pillar 1,1253,7728
20/03/2020,England,Pillar 2,0,0
20/03/2020,Northern Ireland,Pillar 2,0,0
20/03/2020,Scotland,Pillar 2,0,0
20/03/2020,Wales,Pillar 2,0,0
20/03/2020,UK,Pillar 2,0,0
21/03/2020,England,Pillar 1,1036,7823
21/03/2020,Northern Ireland,Pillar 1,24,136
21/03/2020,Scotland,Pillar 1,66,513
21/03/2020,Wales,Pillar 1,75,457
21/03/2020,UK,Pillar 1,1201,8929
21/03/2020,England,Pillar 2,0,0
21/03/2020,Northern Ireland,Pillar 2,0,0
21/03/2020,Scotland,Pillar 2,0,0
21/03/2020,Wales,Pillar 2,0,0
21/03/2020,UK,Pillar 2,0,0
22/03/2020,England,Pillar 1,1210,9033
22/03/2020,Northern Ireland,Pillar 1,18,154
22/03/2020,Scotland,Pillar 1,75,588
22/03/2020,Wales,Pillar 1,76,533
22/03/2020,UK,Pillar 1,1379,10308
22/03/2020,England,Pillar 2,0,0
22/03/2020,Northern Ireland,Pillar 2,0,0
22/03/2020,Scotland,Pillar 2,0,0
22/03/2020,Wales,Pillar 2,0,0
22/03/2020,UK,Pillar 2,0,0
23/03/2020,England,Pillar 1,2018,11051
23/03/2020,Northern Ireland,Pillar 1,46,200
23/03/2020,Scotland,Pillar 1,145,733
23/03/2020,Wales,Pillar 1,133,666
23/03/2020,UK,Pillar 1,2342,12650
23/03/2020,England,Pillar 2,0,0
23/03/2020,Northern Ireland,Pillar 2,0,0
23/03/2020,Scotland,Pillar 2,0,0
23/03/2020,Wales,Pillar 2,0,0
23/03/2020,UK,Pillar 2,0,0
24/03/2020,England,Pillar 1,2027,13078
24/03/2020,Northern Ireland,Pillar 1,41,241
24/03/2020,Scotland,Pillar 1,169,902
24/03/2020,Wales,Pillar 1,141,807
24/03/2020,UK,Pillar 1,2378,15028
24/03/2020,England,Pillar 2,0,0
24/03/2020,Northern Ireland,Pillar 2,0,0
24/03/2020,Scotland,Pillar 2,0,0
24/03/2020,Wales,Pillar 2,0,0
24/03/2020,UK,Pillar 2,0,0
25/03/2020,England,Pillar 1,2267,15345
25/03/2020,Northern Ireland,Pillar 1,64,305
25/03/2020,Scotland,Pillar 1,181,1083
25/03/2020,Wales,Pillar 1,190,997
25/03/2020,UK,Pillar 1,2702,17730
25/03/2020,England,Pillar 2,0,0
25/03/2020,Northern Ireland,Pillar 2,0,0
25/03/2020,Scotland,Pillar 2,0,0
25/03/2020,Wales,Pillar 2,0,0
25/03/2020,UK,Pillar 2,0,0
26/03/2020,England,Pillar 1,2615,17960
26/03/2020,Northern Ireland,Pillar 1,78,383
26/03/2020,Scotland,Pillar 1,221,1304
26/03/2020,Wales,Pillar 1,177,1174
26/03/2020,UK,Pillar 1,3091,20821
26/03/2020,England,Pillar 2,0,0
26/03/2020,Northern Ireland,Pillar 2,0,0
26/03/2020,Scotland,Pillar 2,0,0
26/03/2020,Wales,Pillar 2,0,0
26/03/2020,UK,Pillar 2,0,0
27/03/2020,England,Pillar 1,2661,20621
27/03/2020,Northern Ireland,Pillar 1,73,456
27/03/2020,Scotland,Pillar 1,274,1578
27/03/2020,Wales,Pillar 1,193,1367
27/03/2020,UK,Pillar 1,3201,24022
27/03/2020,England,Pillar 2,0,0
27/03/2020,Northern Ireland,Pillar 2,0,0
27/03/2020,Scotland,Pillar 2,0,0
27/03/2020,Wales,Pillar 2,0,0
27/03/2020,UK,Pillar 2,0,0
28/03/2020,England,Pillar 1,2373,22994
28/03/2020,Northern Ireland,Pillar 1,81,537
28/03/2020,Scotland,Pillar 1,205,1783
28/03/2020,Wales,Pillar 1,167,1534
28/03/2020,UK,Pillar 1,2826,26848
28/03/2020,England,Pillar 2,0,0
28/03/2020,Northern Ireland,Pillar 2,0,0
28/03/2020,Scotland,Pillar 2,0,0
28/03/2020,Wales,Pillar 2,0,0
28/03/2020,UK,Pillar 2,0,0
29/03/2020,England,Pillar 1,2438,25432
29/03/2020,Northern Ireland,Pillar 1,59,596
29/03/2020,Scotland,Pillar 1,197,1980
29/03/2020,Wales,Pillar 1,159,1693
29/03/2020,UK,Pillar 1,2853,29701
29/03/2020,England,Pillar 2,4,4
29/03/2020,Northern Ireland,Pillar 2,0,0
29/03/2020,Scotland,Pillar 2,0,0
29/03/2020,Wales,Pillar 2,0,0
29/03/2020,UK,Pillar 2,4,4
30/03/2020,England,Pillar 1,3515,28947
30/03/2020,Northern Ireland,Pillar 1,86,682
30/03/2020,Scotland,Pillar 1,321,2301
30/03/2020,Wales,Pillar 1,343,2036
30/03/2020,UK,Pillar 1,4265,33966
30/03/2020,England,Pillar 2,8,12
30/03/2020,Northern Ireland,Pillar 2,0,0
30/03/2020,Scotland,Pillar 2,0,0
30/03/2020,Wales,Pillar 2,0,0
30/03/2020,UK,Pillar 2,8,12
31/03/2020,England,Pillar 1,3766,32713
31/03/2020,Northern Ireland,Pillar 1,112,794
31/03/2020,Scotland,Pillar 1,340,2641
31/03/2020,Wales,Pillar 1,277,2313
31/03/2020,UK,Pillar 1,4495,38461
31/03/2020,England,Pillar 2,20,32
31/03/2020,Northern Ireland,Pillar 2,0,0
31/03/2020,Scotland,Pillar 2,0,0
31/03/2020,Wales,Pillar 2,0,0
31/03/2020,UK,Pillar 2,20,32
01/04/2020,England,Pillar 1,4083,36796
01/04/2020,Northern Ireland,Pillar 1,106,900
01/04/2020,Scotland,Pillar 1,384,3025
01/04/2020,Wales,Pillar 1,327,2640
01/04/2020,UK,Pillar 1,4900,43361
01/04/2020,England,Pillar 2,18,50
01/04/2020,Northern Ireland,Pillar 2,0,0
01/04/2020,Scotland,Pillar 2,0,0
01/04/2020,Wales,Pillar 2,0,0
01/04/2020,UK,Pillar 2,18,50
02/04/2020,England,Pillar 1,4013,40809
02/04/2020,Northern Ireland,Pillar 1,109,1009
02/04/2020,Scotland,Pillar 1,355,3380
02/04/2020,Wales,Pillar 1,336,2976
02/04/2020,UK,Pillar 1,4813,48174
02/04/2020,England,Pillar 2,57,107
02/04/2020,Northern Ireland,Pillar 2,0,0
02/04/2020,Scotland,Pillar 2,0,0
02/04/2020,Wales,Pillar 2,0,0
02/04/2020,UK,Pillar 2,57,107
03/04/2020,England,Pillar 1,4052,44861
03/04/2020,Northern Ireland,Pillar 1,105,1114
03/04/2020,Scotland,Pillar 1,379,3759
03/04/2020,Wales,Pillar 1,330,3306
03/04/2020,UK,Pillar 1,4866,53040
03/04/2020,England,Pillar 2,50,157
03/04/2020,Northern Ireland,Pillar 2,0,0
03/04/2020,Scotland,Pillar 2,0,0
03/04/2020,Wales,Pillar 2,0,0
03/04/2020,UK,Pillar 2,50,157
04/04/2020,England,Pillar 1,3327,48188
04/04/2020,Northern Ireland,Pillar 1,92,1206
04/04/2020,Scotland,Pillar 1,259,4018
04/04/2020,Wales,Pillar 1,282,3588
04/04/2020,UK,Pillar 1,3960,57000
04/04/2020,England,Pillar 2,64,221
04/04/2020,Northern Ireland,Pillar 2,0,0
04/04/2020,Scotland,Pillar 2,1,1
04/04/2020,Wales,Pillar 2,0,0
04/04/2020,UK,Pillar 2,65,222
05/04/2020,England,Pillar 1,3029,51217
05/04/2020,Northern Ireland,Pillar 1,62,1268
05/04/2020,Scotland,Pillar 1,225,4243
05/04/2020,Wales,Pillar 1,223,3811
05/04/2020,UK,Pillar 1,3539,60539
05/04/2020,England,Pillar 2,53,274
05/04/2020,Northern Ireland,Pillar 2,0,0
05/04/2020,Scotland,Pillar 2,0,1
05/04/2020,Wales,Pillar 2,0,0
05/04/2020,UK,Pillar 2,53,275
06/04/2020,England,Pillar 1,4333,55550
06/04/2020,Northern Ireland,Pillar 1,108,1376
06/04/2020,Scotland,Pillar 1,404,4647
06/04/2020,Wales,Pillar 1,383,4194
06/04/2020,UK,Pillar 1,5228,65767
06/04/2020,England,Pillar 2,57,331
06/04/2020,Northern Ireland,Pillar 2,0,0
06/04/2020,Scotland,Pillar 2,0,1
06/04/2020,Wales,Pillar 2,0,0
06/04/2020,UK,Pillar 2,57,332
07/04/2020,England,Pillar 1,4478,60028
07/04/2020,Northern Ireland,Pillar 1,136,1512
07/04/2020,Scotland,Pillar 1,351,4998
07/04/2020,Wales,Pillar 1,386,4580
07/04/2020,UK,Pillar 1,5351,71118
07/04/2020,England,Pillar 2,105,436
07/04/2020,Northern Ireland,Pillar 2,0,0
07/04/2020,Scotland,Pillar 2,0,1
07/04/2020,Wales,Pillar 2,0,0
07/04/2020,UK,Pillar 2,105,437
08/04/2020,England,Pillar 1,4242,64270
08/04/2020,Northern Ireland,Pillar 1,105,1617
08/04/2020,Scotland,Pillar 1,343,5341
08/04/2020,Wales,Pillar 1,386,4966
08/04/2020,UK,Pillar 1,5076,76194
08/04/2020,England,Pillar 2,62,498
08/04/2020,Northern Ireland,Pillar 2,0,0
08/04/2020,Scotland,Pillar 2,0,1
08/04/2020,Wales,Pillar 2,0,0
08/04/2020,UK,Pillar 2,62,499
09/04/2020,England,Pillar 1,4016,68286
09/04/2020,Northern Ireland,Pillar 1,101,1718
09/04/2020,Scotland,Pillar 1,301,5642
09/04/2020,Wales,Pillar 1,391,5357
09/04/2020,UK,Pillar 1,4809,81003
09/04/2020,England,Pillar 2,46,544
09/04/2020,Northern Ireland,Pillar 2,0,0
09/04/2020,Scotland,Pillar 2,0,1
09/04/2020,Wales,Pillar 2,0,0
09/04/2020,UK,Pillar 2,46,545
10/04/2020,England,Pillar 1,3507,71793
10/04/2020,Northern Ireland,Pillar 1,102,1820
10/04/2020,Scotland,Pillar 1,329,5971
10/04/2020,Wales,Pillar 1,308,5665
10/04/2020,UK,Pillar 1,4246,85249
10/04/2020,England,Pillar 2,73,617
10/04/2020,Northern Ireland,Pillar 2,0,0
10/04/2020,Scotland,Pillar 2,0,1
10/04/2020,Wales,Pillar 2,0,0
10/04/2020,UK,Pillar 2,73,618
11/04/2020,England,Pillar 1,3007,74800
11/04/2020,Northern Ireland,Pillar 1,69,1889
11/04/2020,Scotland,Pillar 1,185,6156
11/04/2020,Wales,Pillar 1,247,5912
11/04/2020,UK,Pillar 1,3508,88757
11/04/2020,England,Pillar 2,74,691
11/04/2020,Northern Ireland,Pillar 2,0,0
11/04/2020,Scotland,Pillar 2,0,1
11/04/2020,Wales,Pillar 2,0,0
11/04/2020,UK,Pillar 2,74,692
12/04/2020,England,Pillar 1,2700,77500
12/04/2020,Northern Ireland,Pillar 1,85,1974
12/04/2020,Scotland,Pillar 1,220,6376
12/04/2020,Wales,Pillar 1,247,6159
12/04/2020,UK,Pillar 1,3252,92009
12/04/2020,England,Pillar 2,248,939
12/04/2020,Northern Ireland,Pillar 2,0,0
12/04/2020,Scotland,Pillar 2,0,1
12/04/2020,Wales,Pillar 2,0,0
12/04/2020,UK,Pillar 2,248,940
13/04/2020,England,Pillar 1,3306,80806
13/04/2020,Northern Ireland,Pillar 1,113,2087
13/04/2020,Scotland,Pillar 1,359,6735
13/04/2020,Wales,Pillar 1,273,6432
13/04/2020,UK,Pillar 1,4051,96060
13/04/2020,England,Pillar 2,133,1072
13/04/2020,Northern Ireland,Pillar 2,0,0
13/04/2020,Scotland,Pillar 2,0,1
13/04/2020,Wales,Pillar 2,0,0
13/04/2020,UK,Pillar 2,133,1073
14/04/2020,England,Pillar 1,3414,84220
14/04/2020,Northern Ireland,Pillar 1,104,2191
14/04/2020,Scotland,Pillar 1,346,7081
14/04/2020,Wales,Pillar 1,317,6749
14/04/2020,UK,Pillar 1,4181,100241
14/04/2020,England,Pillar 2,148,1220
14/04/2020,Northern Ireland,Pillar 2,0,0
14/04/2020,Scotland,Pillar 2,0,1
14/04/2020,Wales,Pillar 2,0,0
14/04/2020,UK,Pillar 2,148,1221
15/04/2020,England,Pillar 1,3604,87824
15/04/2020,Northern Ireland,Pillar 1,141,2332
15/04/2020,Scotland,Pillar 1,334,7415
15/04/2020,Wales,Pillar 1,361,7110
15/04/2020,UK,Pillar 1,4440,104681
15/04/2020,England,Pillar 2,632,1852
15/04/2020,Northern Ireland,Pillar 2,0,0
15/04/2020,Scotland,Pillar 2,0,1
15/04/2020,Wales,Pillar 2,0,0
15/04/2020,UK,Pillar 2,632,1853
16/04/2020,England,Pillar 1,3436,91260
16/04/2020,Northern Ireland,Pillar 1,140,2472
16/04/2020,Scotland,Pillar 1,424,7839
16/04/2020,Wales,Pillar 1,363,7473
16/04/2020,UK,Pillar 1,4363,109044
16/04/2020,England,Pillar 2,929,2781
16/04/2020,Northern Ireland,Pillar 2,0,0
16/04/2020,Scotland,Pillar 2,1,2
16/04/2020,Wales,Pillar 2,0,0
16/04/2020,UK,Pillar 2,930,2783
17/04/2020,England,Pillar 1,3428,94688
17/04/2020,Northern Ireland,Pillar 1,173,2645
17/04/2020,Scotland,Pillar 1,394,8233
17/04/2020,Wales,Pillar 1,324,7797
17/04/2020,UK,Pillar 1,4319,113363
17/04/2020,England,Pillar 2,656,3437
17/04/2020,Northern Ireland,Pillar 2,0,0
17/04/2020,Scotland,Pillar 2,0,2
17/04/2020,Wales,Pillar 2,0,0
17/04/2020,UK,Pillar 2,656,3439
18/04/2020,England,Pillar 1,2570,97258
18/04/2020,Northern Ireland,Pillar 1,91,2736
18/04/2020,Scotland,Pillar 1,264,8497
18/04/2020,Wales,Pillar 1,247,8044
18/04/2020,UK,Pillar 1,3172,116535
18/04/2020,England,Pillar 2,1550,4987
18/04/2020,Northern Ireland,Pillar 2,0,0
18/04/2020,Scotland,Pillar 2,0,2
18/04/2020,Wales,Pillar 2,0,0
18/04/2020,UK,Pillar 2,1550,4989
19/04/2020,England,Pillar 1,2083,99341
19/04/2020,Northern Ireland,Pillar 1,47,2783
19/04/2020,Scotland,Pillar 1,159,8656
19/04/2020,Wales,Pillar 1,181,8225
19/04/2020,UK,Pillar 1,2470,119005
19/04/2020,England,Pillar 2,1390,6377
19/04/2020,Northern Ireland,Pillar 2,0,0
19/04/2020,Scotland,Pillar 2,0,2
19/04/2020,Wales,Pillar 2,0,0
19/04/2020,UK,Pillar 2,1390,6379
20/04/2020,England,Pillar 1,3071,102412
20/04/2020,Northern Ireland,Pillar 1,111,2894
20/04/2020,Scotland,Pillar 1,348,9004
20/04/2020,Wales,Pillar 1,281,8506
20/04/2020,UK,Pillar 1,3811,122816
20/04/2020,England,Pillar 2,617,6994
20/04/2020,Northern Ireland,Pillar 2,0,0
20/04/2020,Scotland,Pillar 2,428,430
20/04/2020,Wales,Pillar 2,0,0
20/04/2020,UK,Pillar 2,1045,7424
21/04/2020,England,Pillar 1,2990,105402
21/04/2020,Northern Ireland,Pillar 1,142,3036
21/04/2020,Scotland,Pillar 1,399,9403
21/04/2020,Wales,Pillar 1,259,8765
21/04/2020,UK,Pillar 1,3790,126606
21/04/2020,England,Pillar 2,979,7973
21/04/2020,Northern Ireland,Pillar 2,0,0
21/04/2020,Scotland,Pillar 2,0,430
21/04/2020,Wales,Pillar 2,0,0
21/04/2020,UK,Pillar 2,979,8403
22/04/2020,England,Pillar 1,2763,108165
22/04/2020,Northern Ireland,Pillar 1,110,3146
22/04/2020,Scotland,Pillar 1,340,9743
22/04/2020,Wales,Pillar 1,253,9018
22/04/2020,UK,Pillar 1,3466,130072
22/04/2020,England,Pillar 2,2034,10007
22/04/2020,Northern Ireland,Pillar 2,0,0
22/04/2020,Scotland,Pillar 2,0,430
22/04/2020,Wales,Pillar 2,0,0
22/04/2020,UK,Pillar 2,2034,10437
23/04/2020,England,Pillar 1,2767,110932
23/04/2020,Northern Ireland,Pillar 1,78,3224
23/04/2020,Scotland,Pillar 1,314,10057
23/04/2020,Wales,Pillar 1,200,9218
23/04/2020,UK,Pillar 1,3359,133431
23/04/2020,England,Pillar 2,1805,11812
23/04/2020,Northern Ireland,Pillar 2,0,0
23/04/2020,Scotland,Pillar 2,0,430
23/04/2020,Wales,Pillar 2,1,1
23/04/2020,UK,Pillar 2,1806,12243
24/04/2020,England,Pillar 1,2766,113698
24/04/2020,Northern Ireland,Pillar 1,90,3314
24/04/2020,Scotland,Pillar 1,305,10362
24/04/2020,Wales,Pillar 1,213,9431
24/04/2020,UK,Pillar 1,3374,136805
24/04/2020,England,Pillar 2,1598,13410
24/04/2020,Northern Ireland,Pillar 2,0,0
24/04/2020,Scotland,Pillar 2,0,430
24/04/2020,Wales,Pillar 2,0,1
24/04/2020,UK,Pillar 2,1598,13841
25/04/2020,England,Pillar 1,1811,115509
25/04/2020,Northern Ireland,Pillar 1,56,3370
25/04/2020,Scotland,Pillar 1,185,10547
25/04/2020,Wales,Pillar 1,136,9567
25/04/2020,UK,Pillar 1,2188,138993
25/04/2020,England,Pillar 2,1563,14973
25/04/2020,Northern Ireland,Pillar 2,0,0
25/04/2020,Scotland,Pillar 2,0,430
25/04/2020,Wales,Pillar 2,0,1
25/04/2020,UK,Pillar 2,1563,15404
26/04/2020,England,Pillar 1,1407,116916
26/04/2020,Northern Ireland,Pillar 1,46,3416
26/04/2020,Scotland,Pillar 1,163,10710
26/04/2020,Wales,Pillar 1,120,9687
26/04/2020,UK,Pillar 1,1736,140729
26/04/2020,England,Pillar 2,1730,16703
26/04/2020,Northern Ireland,Pillar 2,0,0
26/04/2020,Scotland,Pillar 2,8,438
26/04/2020,Wales,Pillar 2,1,2
26/04/2020,UK,Pillar 2,1739,17143
27/04/2020,England,Pillar 1,2221,119137
27/04/2020,Northern Ireland,Pillar 1,73,3489
27/04/2020,Scotland,Pillar 1,334,11044
27/04/2020,Wales,Pillar 1,166,9853
27/04/2020,UK,Pillar 1,2794,143523
27/04/2020,England,Pillar 2,1811,18514
27/04/2020,Northern Ireland,Pillar 2,1,1
27/04/2020,Scotland,Pillar 2,96,534
27/04/2020,Wales,Pillar 2,6,8
27/04/2020,UK,Pillar 2,1914,19057
28/04/2020,England,Pillar 1,2285,121422
28/04/2020,Northern Ireland,Pillar 1,69,3558
28/04/2020,Scotland,Pillar 1,310,11354
28/04/2020,Wales,Pillar 1,148,10001
28/04/2020,UK,Pillar 1,2812,146335
28/04/2020,England,Pillar 2,1832,20346
28/04/2020,Northern Ireland,Pillar 2,2,3
28/04/2020,Scotland,Pillar 2,70,604
28/04/2020,Wales,Pillar 2,5,13
28/04/2020,UK,Pillar 2,1909,20966
29/04/2020,England,Pillar 1,2348,123770
29/04/2020,Northern Ireland,Pillar 1,84,3642
29/04/2020,Scotland,Pillar 1,316,11670
29/04/2020,Wales,Pillar 1,167,10168
29/04/2020,UK,Pillar 1,2915,149250
29/04/2020,England,Pillar 2,2394,22740
29/04/2020,Northern Ireland,Pillar 2,5,8
29/04/2020,Scotland,Pillar 2,114,718
29/04/2020,Wales,Pillar 2,9,22
29/04/2020,UK,Pillar 2,2522,23488
30/04/2020,England,Pillar 1,2130,125900
30/04/2020,Northern Ireland,Pillar 1,83,3725
30/04/2020,Scotland,Pillar 1,271,11941
30/04/2020,Wales,Pillar 1,194,10362
30/04/2020,UK,Pillar 1,2678,151928
30/04/2020,England,Pillar 2,2189,24929
30/04/2020,Northern Ireland,Pillar 2,26,34
30/04/2020,Scotland,Pillar 2,64,782
30/04/2020,Wales,Pillar 2,6,28
30/04/2020,UK,Pillar 2,2285,25773
01/05/2020,England,Pillar 1,1948,127848
01/05/2020,Northern Ireland,Pillar 1,87,3812
01/05/2020,Scotland,Pillar 1,267,12208
01/05/2020,Wales,Pillar 1,161,10523
01/05/2020,UK,Pillar 1,2463,154391
01/05/2020,England,Pillar 2,2147,27076
01/05/2020,Northern Ireland,Pillar 2,18,52
01/05/2020,Scotland,Pillar 2,101,883
01/05/2020,Wales,Pillar 2,15,43
01/05/2020,UK,Pillar 2,2281,28054
02/05/2020,England,Pillar 1,1244,129092
02/05/2020,Northern Ireland,Pillar 1,58,3870
02/05/2020,Scotland,Pillar 1,148,12356
02/05/2020,Wales,Pillar 1,169,10692
02/05/2020,UK,Pillar 1,1619,156010
02/05/2020,England,Pillar 2,1497,28573
02/05/2020,Northern Ireland,Pillar 2,36,88
02/05/2020,Scotland,Pillar 2,69,952
02/05/2020,Wales,Pillar 2,10,53
02/05/2020,UK,Pillar 2,1612,29666
03/05/2020,England,Pillar 1,961,130053
03/05/2020,Northern Ireland,Pillar 1,31,3901
03/05/2020,Scotland,Pillar 1,107,12463
03/05/2020,Wales,Pillar 1,94,10786
03/05/2020,UK,Pillar 1,1193,157203
03/05/2020,England,Pillar 2,1674,30247
03/05/2020,Northern Ireland,Pillar 2,29,117
03/05/2020,Scotland,Pillar 2,82,1034
03/05/2020,Wales,Pillar 2,11,64
03/05/2020,UK,Pillar 2,1796,31462
04/05/2020,England,Pillar 1,1622,131675
04/05/2020,Northern Ireland,Pillar 1,54,3955
04/05/2020,Scotland,Pillar 1,269,12732
04/05/2020,Wales,Pillar 1,131,10917
04/05/2020,UK,Pillar 1,2076,159279
04/05/2020,England,Pillar 2,1224,31471
04/05/2020,Northern Ireland,Pillar 2,23,140
04/05/2020,Scotland,Pillar 2,60,1094
04/05/2020,Wales,Pillar 2,8,72
04/05/2020,UK,Pillar 2,1315,32777
05/05/2020,England,Pillar 1,1602,133277
05/05/2020,Northern Ireland,Pillar 1,51,4006
05/05/2020,Scotland,Pillar 1,216,12948
05/05/2020,Wales,Pillar 1,163,11080
05/05/2020,UK,Pillar 1,2032,161311
05/05/2020,England,Pillar 2,1543,33014
05/05/2020,Northern Ireland,Pillar 2,24,164
05/05/2020,Scotland,Pillar 2,72,1166
05/05/2020,Wales,Pillar 2,12,84
05/05/2020,UK,Pillar 2,1651,34428
06/05/2020,England,Pillar 1,1437,134714
06/05/2020,Northern Ireland,Pillar 1,42,4048
06/05/2020,Scotland,Pillar 1,228,13176
06/05/2020,Wales,Pillar 1,166,11246
06/05/2020,UK,Pillar 1,1873,163184
06/05/2020,England,Pillar 2,1831,34845
06/05/2020,Northern Ireland,Pillar 2,49,213
06/05/2020,Scotland,Pillar 2,78,1244
06/05/2020,Wales,Pillar 2,5,89
06/05/2020,UK,Pillar 2,1963,36391
07/05/2020,England,Pillar 1,1447,136161
07/05/2020,Northern Ireland,Pillar 1,64,4112
07/05/2020,Scotland,Pillar 1,227,13403
07/05/2020,Wales,Pillar 1,167,11413
07/05/2020,UK,Pillar 1,1905,165089
07/05/2020,England,Pillar 2,1757,36602
07/05/2020,Northern Ireland,Pillar 2,46,259
07/05/2020,Scotland,Pillar 2,63,1307
07/05/2020,Wales,Pillar 2,9,98
07/05/2020,UK,Pillar 2,1875,38266
08/05/2020,England,Pillar 1,1024,137185
08/05/2020,Northern Ireland,Pillar 1,43,4155
08/05/2020,Scotland,Pillar 1,183,13586
08/05/2020,Wales,Pillar 1,101,11514
08/05/2020,UK,Pillar 1,1351,166440
08/05/2020,England,Pillar 2,1598,38200
08/05/2020,Northern Ireland,Pillar 2,25,284
08/05/2020,Scotland,Pillar 2,71,1378
08/05/2020,Wales,Pillar 2,14,112
08/05/2020,UK,Pillar 2,1708,39974
09/05/2020,England,Pillar 1,890,138075
09/05/2020,Northern Ireland,Pillar 1,31,4186
09/05/2020,Scotland,Pillar 1,106,13692
09/05/2020,Wales,Pillar 1,124,11638
09/05/2020,UK,Pillar 1,1151,167591
09/05/2020,England,Pillar 2,901,39101
09/05/2020,Northern Ireland,Pillar 2,24,308
09/05/2020,Scotland,Pillar 2,71,1449
09/05/2020,Wales,Pillar 2,12,124
09/05/2020,UK,Pillar 2,1008,40982
10/05/2020,England,Pillar 1,729,138804
10/05/2020,Northern Ireland,Pillar 1,46,4232
10/05/2020,Scotland,Pillar 1,104,13796
10/05/2020,Wales,Pillar 1,101,11739
10/05/2020,UK,Pillar 1,980,168571
10/05/2020,England,Pillar 2,1280,40381
10/05/2020,Northern Ireland,Pillar 2,16,324
10/05/2020,Scotland,Pillar 2,46,1495
10/05/2020,Wales,Pillar 2,6,130
10/05/2020,UK,Pillar 2,1348,42330
11/05/2020,England,Pillar 1,1247,140051
11/05/2020,Northern Ireland,Pillar 1,63,4295
11/05/2020,Scotland,Pillar 1,198,13994
11/05/2020,Wales,Pillar 1,172,11911
11/05/2020,UK,Pillar 1,1680,170251
11/05/2020,England,Pillar 2,1823,42204
11/05/2020,Northern Ireland,Pillar 2,19,343
11/05/2020,Scotland,Pillar 2,63,1558
11/05/2020,Wales,Pillar 2,6,136
11/05/2020,UK,Pillar 2,1911,44241
12/05/2020,England,Pillar 1,1106,141157
12/05/2020,Northern Ireland,Pillar 1,52,4347
12/05/2020,Scotland,Pillar 1,179,14173
12/05/2020,Wales,Pillar 1,139,12050
12/05/2020,UK,Pillar 1,1476,171727
12/05/2020,England,Pillar 2,1822,44026
12/05/2020,Northern Ireland,Pillar 2,36,379
12/05/2020,Scotland,Pillar 2,52,1610
12/05/2020,Wales,Pillar 2,11,147
12/05/2020,UK,Pillar 2,1921,46162
13/05/2020,England,Pillar 1,1082,142239
13/05/2020,Northern Ireland,Pillar 1,33,4380
13/05/2020,Scotland,Pillar 1,138,14311
13/05/2020,Wales,Pillar 1,142,12192
13/05/2020,UK,Pillar 1,1395,173122
13/05/2020,England,Pillar 2,1799,45825
13/05/2020,Northern Ireland,Pillar 2,45,424
13/05/2020,Scotland,Pillar 2,60,1670
13/05/2020,Wales,Pillar 2,11,158
13/05/2020,UK,Pillar 2,1915,48077
14/05/2020,England,Pillar 1,905,143144
14/05/2020,Northern Ireland,Pillar 1,33,4413
14/05/2020,Scotland,Pillar 1,154,14465
14/05/2020,Wales,Pillar 1,119,12311
14/05/2020,UK,Pillar 1,1211,174333
14/05/2020,England,Pillar 2,1305,47130
14/05/2020,Northern Ireland,Pillar 2,36,460
14/05/2020,Scotland,Pillar 2,58,1728
14/05/2020,Wales,Pillar 2,13,171
14/05/2020,UK,Pillar 2,1412,49489
15/05/2020,England,Pillar 1,911,144055
15/05/2020,Northern Ireland,Pillar 1,40,4453
15/05/2020,Scotland,Pillar 1,105,14570
15/05/2020,Wales,Pillar 1,175,12486
15/05/2020,UK,Pillar 1,1231,175564
15/05/2020,England,Pillar 2,1220,48350
15/05/2020,Northern Ireland,Pillar 2,15,475
15/05/2020,Scotland,Pillar 2,47,1775
15/05/2020,Wales,Pillar 2,4,175
15/05/2020,UK,Pillar 2,1286,50775
16/05/2020,England,Pillar 1,632,144687
16/05/2020,Northern Ireland,Pillar 1,21,4474
16/05/2020,Scotland,Pillar 1,61,14631
16/05/2020,Wales,Pillar 1,159,12645
16/05/2020,UK,Pillar 1,873,176437
16/05/2020,England,Pillar 2,1138,49488
16/05/2020,Northern Ireland,Pillar 2,11,486
16/05/2020,Scotland,Pillar 2,42,1817
16/05/2020,Wales,Pillar 2,7,182
16/05/2020,UK,Pillar 2,1198,51973
17/05/2020,England,Pillar 1,635,145322
17/05/2020,Northern Ireland,Pillar 1,22,4496
17/05/2020,Scotland,Pillar 1,55,14686
17/05/2020,Wales,Pillar 1,113,12758
17/05/2020,UK,Pillar 1,825,177262
17/05/2020,England,Pillar 2,955,50443
17/05/2020,Northern Ireland,Pillar 2,12,498
17/05/2020,Scotland,Pillar 2,37,1854
17/05/2020,Wales,Pillar 2,5,187
17/05/2020,UK,Pillar 2,1009,52982
18/05/2020,England,Pillar 1,947,146269
18/05/2020,Northern Ireland,Pillar 1,24,4520
18/05/2020,Scotland,Pillar 1,106,14792
18/05/2020,Wales,Pillar 1,164,12922
18/05/2020,UK,Pillar 1,1241,178503
18/05/2020,England,Pillar 2,1272,51715
18/05/2020,Northern Ireland,Pillar 2,20,518
18/05/2020,Scotland,Pillar 2,34,1888
18/05/2020,Wales,Pillar 2,4,191
18/05/2020,UK,Pillar 2,1330,54312
19/05/2020,England,Pillar 1,1022,147291
19/05/2020,Northern Ireland,Pillar 1,43,4563
19/05/2020,Scotland,Pillar 1,132,14924
19/05/2020,Wales,Pillar 1,208,13130
19/05/2020,UK,Pillar 1,1405,179908
19/05/2020,England,Pillar 2,1563,53278
19/05/2020,Northern Ireland,Pillar 2,24,542
19/05/2020,Scotland,Pillar 2,50,1938
19/05/2020,Wales,Pillar 2,5,196
19/05/2020,UK,Pillar 2,1642,55954
20/05/2020,England,Pillar 1,824,148115
20/05/2020,Northern Ireland,Pillar 1,21,4584
20/05/2020,Scotland,Pillar 1,87,15011
20/05/2020,Wales,Pillar 1,152,13282
20/05/2020,UK,Pillar 1,1084,180992
20/05/2020,England,Pillar 2,1530,54808
20/05/2020,Northern Ireland,Pillar 2,54,596
20/05/2020,Scotland,Pillar 2,34,1972
20/05/2020,Wales,Pillar 2,14,210
20/05/2020,UK,Pillar 2,1632,57586
21/05/2020,England,Pillar 1,749,148864
21/05/2020,Northern Ireland,Pillar 1,32,4616
21/05/2020,Scotland,Pillar 1,78,15089
21/05/2020,Wales,Pillar 1,107,13389
21/05/2020,UK,Pillar 1,966,181958
21/05/2020,England,Pillar 2,1527,56335
21/05/2020,Northern Ireland,Pillar 2,13,609
21/05/2020,Scotland,Pillar 2,33,2005
21/05/2020,Wales,Pillar 2,25,235
21/05/2020,UK,Pillar 2,1598,59184
22/05/2020,England,Pillar 1,708,149572
22/05/2020,Northern Ireland,Pillar 1,16,4632
22/05/2020,Scotland,Pillar 1,63,15152
22/05/2020,Wales,Pillar 1,106,13495
22/05/2020,UK,Pillar 1,893,182851
22/05/2020,England,Pillar 2,1093,57428
22/05/2020,Northern Ireland,Pillar 2,13,622
22/05/2020,Scotland,Pillar 2,29,2034
22/05/2020,Wales,Pillar 2,31,266
22/05/2020,UK,Pillar 2,1166,60350
23/05/2020,England,Pillar 1,455,150027
23/05/2020,Northern Ireland,Pillar 1,33,4665
23/05/2020,Scotland,Pillar 1,24,15176
23/05/2020,Wales,Pillar 1,106,13601
23/05/2020,UK,Pillar 1,618,183469
23/05/2020,England,Pillar 2,846,58274
23/05/2020,Northern Ireland,Pillar 2,17,639
23/05/2020,Scotland,Pillar 2,26,2060
23/05/2020,Wales,Pillar 2,17,283
23/05/2020,UK,Pillar 2,906,61256
24/05/2020,England,Pillar 1,386,150413
24/05/2020,Northern Ireland,Pillar 1,12,4677
24/05/2020,Scotland,Pillar 1,32,15208
24/05/2020,Wales,Pillar 1,67,13668
24/05/2020,UK,Pillar 1,497,183966
24/05/2020,England,Pillar 2,812,59086
24/05/2020,Northern Ireland,Pillar 2,19,658
24/05/2020,Scotland,Pillar 2,22,2082
24/05/2020,Wales,Pillar 2,15,298
24/05/2020,UK,Pillar 2,868,62124
25/05/2020,England,Pillar 1,508,150921
25/05/2020,Northern Ireland,Pillar 1,11,4688
25/05/2020,Scotland,Pillar 1,57,15265
25/05/2020,Wales,Pillar 1,90,13758
25/05/2020,UK,Pillar 1,666,184632
25/05/2020,England,Pillar 2,872,59958
25/05/2020,Northern Ireland,Pillar 2,21,679
25/05/2020,Scotland,Pillar 2,40,2122
25/05/2020,Wales,Pillar 2,16,314
25/05/2020,UK,Pillar 2,949,63073
26/05/2020,England,Pillar 1,542,151463
26/05/2020,Northern Ireland,Pillar 1,11,4699
26/05/2020,Scotland,Pillar 1,48,15313
26/05/2020,Wales,Pillar 1,84,13842
26/05/2020,UK,Pillar 1,685,185317
26/05/2020,England,Pillar 2,921,60879
26/05/2020,Northern Ireland,Pillar 2,15,694
26/05/2020,Scotland,Pillar 2,29,2151
26/05/2020,Wales,Pillar 2,18,332
26/05/2020,UK,Pillar 2,983,64056
27/05/2020,England,Pillar 1,547,152010
27/05/2020,Northern Ireland,Pillar 1,13,4712
27/05/2020,Scotland,Pillar 1,47,15360
27/05/2020,Wales,Pillar 1,97,13939
27/05/2020,UK,Pillar 1,704,186021
27/05/2020,England,Pillar 2,1069,61948
27/05/2020,Northern Ireland,Pillar 2,12,706
27/05/2020,Scotland,Pillar 2,19,2170
27/05/2020,Wales,Pillar 2,21,353
27/05/2020,UK,Pillar 2,1121,65177
28/05/2020,England,Pillar 1,465,152475
28/05/2020,Northern Ireland,Pillar 1,12,4724
28/05/2020,Scotland,Pillar 1,34,15394
28/05/2020,Wales,Pillar 1,90,14029
28/05/2020,UK,Pillar 1,601,186622
28/05/2020,England,Pillar 2,1108,63056
28/05/2020,Northern Ireland,Pillar 2,12,718
28/05/2020,Scotland,Pillar 2,21,2191
28/05/2020,Wales,Pillar 2,12,365
28/05/2020,UK,Pillar 2,1153,66330
29/05/2020,England,Pillar 1,444,152919
29/05/2020,Northern Ireland,Pillar 1,10,4734
29/05/2020,Scotland,Pillar 1,17,15411
29/05/2020,Wales,Pillar 1,89,14118
29/05/2020,UK,Pillar 1,560,187182
29/05/2020,England,Pillar 2,928,63984
29/05/2020,Northern Ireland,Pillar 2,10,728
29/05/2020,Scotland,Pillar 2,12,2203
29/05/2020,Wales,Pillar 2,18,383
29/05/2020,UK,Pillar 2,968,67298
30/05/2020,England,Pillar 1,351,153270
30/05/2020,Northern Ireland,Pillar 1,5,4739
30/05/2020,Scotland,Pillar 1,25,15436
30/05/2020,Wales,Pillar 1,53,14171
30/05/2020,UK,Pillar 1,434,187616
30/05/2020,England,Pillar 2,650,64634
30/05/2020,Northern Ireland,Pillar 2,4,732
30/05/2020,Scotland,Pillar 2,16,2219
30/05/2020,Wales,Pillar 2,17,400
30/05/2020,UK,Pillar 2,687,67985
31/05/2020,England,Pillar 1,310,153580
31/05/2020,Northern Ireland,Pillar 1,10,4749
31/05/2020,Scotland,Pillar 1,15,15451
31/05/2020,Wales,Pillar 1,35,14206
31/05/2020,UK,Pillar 1,370,187986
31/05/2020,England,Pillar 2,675,65309
31/05/2020,Northern Ireland,Pillar 2,17,749
31/05/2020,Scotland,Pillar 2,7,2226
31/05/2020,Wales,Pillar 2,11,411
31/05/2020,UK,Pillar 2,710,68695
01/06/2020,England,Pillar 1,452,154032
01/06/2020,Northern Ireland,Pillar 1,9,4758
01/06/2020,Scotland,Pillar 1,25,15476
01/06/2020,Wales,Pillar 1,63,14269
01/06/2020,UK,Pillar 1,549,188535
01/06/2020,England,Pillar 2,861,66170
01/06/2020,Northern Ireland,Pillar 2,9,758
01/06/2020,Scotland,Pillar 2,13,2239
01/06/2020,Wales,Pillar 2,1,412
01/06/2020,UK,Pillar 2,884,69579
02/06/2020,England,Pillar 1,481,154513
02/06/2020,Northern Ireland,Pillar 1,9,4767
02/06/2020,Scotland,Pillar 1,33,15509
02/06/2020,Wales,Pillar 1,61,14330
02/06/2020,UK,Pillar 1,584,189119
02/06/2020,England,Pillar 2,866,67036
02/06/2020,Northern Ireland,Pillar 2,1,759
02/06/2020,Scotland,Pillar 2,12,2251
02/06/2020,Wales,Pillar 2,12,424
02/06/2020,UK,Pillar 2,891,70470
03/06/2020,England,Pillar 1,437,154950
03/06/2020,Northern Ireland,Pillar 1,5,4772
03/06/2020,Scotland,Pillar 1,16,15525
03/06/2020,Wales,Pillar 1,63,14393
03/06/2020,UK,Pillar 1,521,189640
03/06/2020,England,Pillar 2,795,67831
03/06/2020,Northern Ireland,Pillar 2,6,765
03/06/2020,Scotland,Pillar 2,19,2270
03/06/2020,Wales,Pillar 2,12,436
03/06/2020,UK,Pillar 2,832,71302
04/06/2020,England,Pillar 1,313,155263
04/06/2020,Northern Ireland,Pillar 1,4,4776
04/06/2020,Scotland,Pillar 1,30,15555
04/06/2020,Wales,Pillar 1,51,14444
04/06/2020,UK,Pillar 1,398,190038
04/06/2020,England,Pillar 2,825,68656
04/06/2020,Northern Ireland,Pillar 2,4,769
04/06/2020,Scotland,Pillar 2,5,2275
04/06/2020,Wales,Pillar 2,9,445
04/06/2020,UK,Pillar 2,843,72145
05/06/2020,England,Pillar 1,320,155583
05/06/2020,Northern Ireland,Pillar 1,19,4795
05/06/2020,Scotland,Pillar 1,18,15573
05/06/2020,Wales,Pillar 1,44,14488
05/06/2020,UK,Pillar 1,401,190439
05/06/2020,England,Pillar 2,694,69350
05/06/2020,Northern Ireland,Pillar 2,4,773
05/06/2020,Scotland,Pillar 2,6,2281
05/06/2020,Wales,Pillar 2,11,456
05/06/2020,UK,Pillar 2,715,72860
06/06/2020,England,Pillar 1,208,155791
06/06/2020,Northern Ireland,Pillar 1,4,4799
06/06/2020,Scotland,Pillar 1,15,15588
06/06/2020,Wales,Pillar 1,42,14530
06/06/2020,UK,Pillar 1,269,190708
06/06/2020,England,Pillar 2,508,69858
06/06/2020,Northern Ireland,Pillar 2,4,777
06/06/2020,Scotland,Pillar 2,7,2288
06/06/2020,Wales,Pillar 2,11,467
06/06/2020,UK,Pillar 2,530,73390
07/06/2020,England,Pillar 1,202,155993
07/06/2020,Northern Ireland,Pillar 1,0,4799
07/06/2020,Scotland,Pillar 1,8,15596
07/06/2020,Wales,Pillar 1,27,14557
07/06/2020,UK,Pillar 1,237,190945
07/06/2020,England,Pillar 2,462,70320
07/06/2020,Northern Ireland,Pillar 2,3,780
07/06/2020,Scotland,Pillar 2,9,2297
07/06/2020,Wales,Pillar 2,7,474
07/06/2020,UK,Pillar 2,481,73871
08/06/2020,England,Pillar 1,299,156292
08/06/2020,Northern Ireland,Pillar 1,11,4810
08/06/2020,Scotland,Pillar 1,8,15604
08/06/2020,Wales,Pillar 1,65,14622
08/06/2020,UK,Pillar 1,383,191328
08/06/2020,England,Pillar 2,692,71012
08/06/2020,Northern Ireland,Pillar 2,5,785
08/06/2020,Scotland,Pillar 2,10,2307
08/06/2020,Wales,Pillar 2,9,483
08/06/2020,UK,Pillar 2,716,74587
09/06/2020,England,Pillar 1,306,156598
09/06/2020,Northern Ireland,Pillar 1,8,4818
09/06/2020,Scotland,Pillar 1,18,15622
09/06/2020,Wales,Pillar 1,53,14675
09/06/2020,UK,Pillar 1,385,191713
09/06/2020,England,Pillar 2,750,71762
09/06/2020,Northern Ireland,Pillar 2,2,787
09/06/2020,Scotland,Pillar 2,9,2316
09/06/2020,Wales,Pillar 2,9,492
09/06/2020,UK,Pillar 2,770,75357
10/06/2020,England,Pillar 1,366,156964
10/06/2020,Northern Ireland,Pillar 1,13,4831
10/06/2020,Scotland,Pillar 1,24,15646
10/06/2020,Wales,Pillar 1,52,14727
10/06/2020,UK,Pillar 1,455,192168
10/06/2020,England,Pillar 2,723,72485
10/06/2020,Northern Ireland,Pillar 2,1,788
10/06/2020,Scotland,Pillar 2,5,2321
10/06/2020,Wales,Pillar 2,16,508
10/06/2020,UK,Pillar 2,745,76102
11/06/2020,England,Pillar 1,276,157240
11/06/2020,Northern Ireland,Pillar 1,6,4837
11/06/2020,Scotland,Pillar 1,17,15663
11/06/2020,Wales,Pillar 1,46,14773
11/06/2020,UK,Pillar 1,345,192513
11/06/2020,England,Pillar 2,645,73130
11/06/2020,Northern Ireland,Pillar 2,2,790
11/06/2020,Scotland,Pillar 2,4,2325
11/06/2020,Wales,Pillar 2,20,528
11/06/2020,UK,Pillar 2,671,76773
12/06/2020,England,Pillar 1,266,157506
12/06/2020,Northern Ireland,Pillar 1,4,4841
12/06/2020,Scotland,Pillar 1,21,15684
12/06/2020,Wales,Pillar 1,57,14830
12/06/2020,UK,Pillar 1,348,192861
12/06/2020,England,Pillar 2,671,73801
12/06/2020,Northern Ireland,Pillar 2,6,796
12/06/2020,Scotland,Pillar 2,9,2334
12/06/2020,Wales,Pillar 2,18,546
12/06/2020,UK,Pillar 2,704,77477
13/06/2020,England,Pillar 1,258,157764
13/06/2020,Northern Ireland,Pillar 1,8,4849
13/06/2020,Scotland,Pillar 1,17,15701
13/06/2020,Wales,Pillar 1,54,14884
13/06/2020,UK,Pillar 1,337,193198
13/06/2020,England,Pillar 2,529,74330
13/06/2020,Northern Ireland,Pillar 2,4,800
13/06/2020,Scotland,Pillar 2,6,2340
13/06/2020,Wales,Pillar 2,16,562
13/06/2020,UK,Pillar 2,555,78032
14/06/2020,England,Pillar 1,209,157973
14/06/2020,Northern Ireland,Pillar 1,1,4850
14/06/2020,Scotland,Pillar 1,6,15707
14/06/2020,Wales,Pillar 1,37,14921
14/06/2020,UK,Pillar 1,253,193451
14/06/2020,England,Pillar 2,538,74868
14/06/2020,Northern Ireland,Pillar 2,6,806
14/06/2020,Scotland,Pillar 2,7,2347
14/06/2020,Wales,Pillar 2,17,579
14/06/2020,UK,Pillar 2,568,78600
15/06/2020,England,Pillar 1,280,158253
15/06/2020,Northern Ireland,Pillar 1,4,4854
15/06/2020,Scotland,Pillar 1,15,15722
15/06/2020,Wales,Pillar 1,48,14969
15/06/2020,UK,Pillar 1,347,193798
15/06/2020,England,Pillar 2,658,75526
15/06/2020,Northern Ireland,Pillar 2,10,816
15/06/2020,Scotland,Pillar 2,6,2353
15/06/2020,Wales,Pillar 2,18,597
15/06/2020,UK,Pillar 2,692,79292
16/06/2020,England,Pillar 1,307,158560
16/06/2020,Northern Ireland,Pillar 1,6,4860
16/06/2020,Scotland,Pillar 1,10,15732
16/06/2020,Wales,Pillar 1,58,15027
16/06/2020,UK,Pillar 1,381,194179
16/06/2020,England,Pillar 2,685,76211
16/06/2020,Northern Ireland,Pillar 2,3,819
16/06/2020,Scotland,Pillar 2,7,2360
16/06/2020,Wales,Pillar 2,24,621
16/06/2020,UK,Pillar 2,719,80011
17/06/2020,England,Pillar 1,286,158846
17/06/2020,Northern Ireland,Pillar 1,2,4862
17/06/2020,Scotland,Pillar 1,22,15754
17/06/2020,Wales,Pillar 1,42,15069
17/06/2020,UK,Pillar 1,352,194531
17/06/2020,England,Pillar 2,625,76836
17/06/2020,Northern Ireland,Pillar 2,4,823
17/06/2020,Scotland,Pillar 2,11,2371
17/06/2020,Wales,Pillar 2,24,645
17/06/2020,UK,Pillar 2,664,80675
18/06/2020,England,Pillar 1,245,159091
18/06/2020,Northern Ireland,Pillar 1,0,4862
18/06/2020,Scotland,Pillar 1,9,15763
18/06/2020,Wales,Pillar 1,51,15120
18/06/2020,UK,Pillar 1,305,194836
18/06/2020,England,Pillar 2,701,77537
18/06/2020,Northern Ireland,Pillar 2,8,831
18/06/2020,Scotland,Pillar 2,5,2376
18/06/2020,Wales,Pillar 2,11,656
18/06/2020,UK,Pillar 2,725,81400
19/06/2020,England,Pillar 1,225,159316
19/06/2020,Northern Ireland,Pillar 1,5,4867
19/06/2020,Scotland,Pillar 1,15,15778
19/06/2020,Wales,Pillar 1,120,15240
19/06/2020,UK,Pillar 1,365,195201
19/06/2020,England,Pillar 2,585,78122
19/06/2020,Northern Ireland,Pillar 2,7,838
19/06/2020,Scotland,Pillar 2,8,2384
19/06/2020,Wales,Pillar 2,20,676
19/06/2020,UK,Pillar 2,620,82020
20/06/2020,England,Pillar 1,155,159471
20/06/2020,Northern Ireland,Pillar 1,0,4867
20/06/2020,Scotland,Pillar 1,3,15781
20/06/2020,Wales,Pillar 1,27,15267
20/06/2020,UK,Pillar 1,185,195386
20/06/2020,England,Pillar 2,474,78596
20/06/2020,Northern Ireland,Pillar 2,4,842
20/06/2020,Scotland,Pillar 2,3,2387
20/06/2020,Wales,Pillar 2,20,696
20/06/2020,UK,Pillar 2,501,82521
21/06/2020,England,Pillar 1,121,159592
21/06/2020,Northern Ireland,Pillar 1,1,4868
21/06/2020,Scotland,Pillar 1,7,15788
21/06/2020,Wales,Pillar 1,53,15320
21/06/2020,UK,Pillar 1,182,195568
21/06/2020,England,Pillar 2,429,79025
21/06/2020,Northern Ireland,Pillar 2,0,842
21/06/2020,Scotland,Pillar 2,2,2389
21/06/2020,Wales,Pillar 2,23,719
21/06/2020,UK,Pillar 2,454,82975
22/06/2020,England,Pillar 1,204,159796
22/06/2020,Northern Ireland,Pillar 1,0,4868
22/06/2020,Scotland,Pillar 1,10,15798
22/06/2020,Wales,Pillar 1,48,15368
22/06/2020,UK,Pillar 1,262,195830
22/06/2020,England,Pillar 2,611,79636
22/06/2020,Northern Ireland,Pillar 2,2,844
22/06/2020,Scotland,Pillar 2,2,2391
22/06/2020,Wales,Pillar 2,18,737
22/06/2020,UK,Pillar 2,633,83608
23/06/2020,England,Pillar 1,223,160019
23/06/2020,Northern Ireland,Pillar 1,3,4871
23/06/2020,Scotland,Pillar 1,8,15806
23/06/2020,Wales,Pillar 1,120,15488
23/06/2020,UK,Pillar 1,354,196184
23/06/2020,England,Pillar 2,508,80144
23/06/2020,Northern Ireland,Pillar 2,3,847
23/06/2020,Scotland,Pillar 2,11,2402
23/06/2020,Wales,Pillar 2,11,748
23/06/2020,UK,Pillar 2,533,84141
24/06/2020,England,Pillar 1,179,160198
24/06/2020,Northern Ireland,Pillar 1,0,4871
24/06/2020,Scotland,Pillar 1,3,15809
24/06/2020,Wales,Pillar 1,32,15520
24/06/2020,UK,Pillar 1,214,196398
24/06/2020,England,Pillar 2,550,80694
24/06/2020,Northern Ireland,Pillar 2,1,848
24/06/2020,Scotland,Pillar 2,5,2407
24/06/2020,Wales,Pillar 2,5,753
24/06/2020,UK,Pillar 2,561,84702
25/06/2020,England,Pillar 1,172,160370
25/06/2020,Northern Ireland,Pillar 1,3,4874
25/06/2020,Scotland,Pillar 1,8,15817
25/06/2020,Wales,Pillar 1,48,15568
25/06/2020,UK,Pillar 1,231,196629
25/06/2020,England,Pillar 2,463,81157
25/06/2020,Northern Ireland,Pillar 2,1,849
25/06/2020,Scotland,Pillar 2,11,2418
25/06/2020,Wales,Pillar 2,12,765
25/06/2020,UK,Pillar 2,487,85189
26/06/2020,England,Pillar 1,174,160544
26/06/2020,Northern Ireland,Pillar 1,1,4875
26/06/2020,Scotland,Pillar 1,2,15819
26/06/2020,Wales,Pillar 1,9,15577
26/06/2020,UK,Pillar 1,186,196815
26/06/2020,England,Pillar 2,468,81625
26/06/2020,Northern Ireland,Pillar 2,0,849
26/06/2020,Scotland,Pillar 2,4,2422
26/06/2020,Wales,Pillar 2,10,775
26/06/2020,UK,Pillar 2,482,85671
27/06/2020,England,Pillar 1,119,160663
27/06/2020,Northern Ireland,Pillar 1,0,4875
27/06/2020,Scotland,Pillar 1,2,15821
27/06/2020,Wales,Pillar 1,133,15710
27/06/2020,UK,Pillar 1,254,197069
27/06/2020,England,Pillar 2,382,82007
27/06/2020,Northern Ireland,Pillar 2,3,852
27/06/2020,Scotland,Pillar 2,2,2424
27/06/2020,Wales,Pillar 2,7,782
27/06/2020,UK,Pillar 2,394,86065
28/06/2020,England,Pillar 1,89,160752
28/06/2020,Northern Ireland,Pillar 1,2,4877
28/06/2020,Scotland,Pillar 1,1,15822
28/06/2020,Wales,Pillar 1,17,15727
28/06/2020,UK,Pillar 1,109,197178
28/06/2020,England,Pillar 2,320,82327
28/06/2020,Northern Ireland,Pillar 2,3,855
28/06/2020,Scotland,Pillar 2,2,2426
28/06/2020,Wales,Pillar 2,11,793
28/06/2020,UK,Pillar 2,336,86401
29/06/2020,England,Pillar 1,161,160913
29/06/2020,Northern Ireland,Pillar 1,0,4877
29/06/2020,Scotland,Pillar 1,8,15830
29/06/2020,Wales,Pillar 1,26,15753
29/06/2020,UK,Pillar 1,195,197373
29/06/2020,England,Pillar 2,507,82834
29/06/2020,Northern Ireland,Pillar 2,1,856
29/06/2020,Scotland,Pillar 2,6,2432
29/06/2020,Wales,Pillar 2,17,810
29/06/2020,UK,Pillar 2,531,86932
30/06/2020,England,Pillar 1,135,161048
30/06/2020,Northern Ireland,Pillar 1,1,4878
30/06/2020,Scotland,Pillar 1,3,15833
30/06/2020,Wales,Pillar 1,13,15766
30/06/2020,UK,Pillar 1,152,197525
30/06/2020,England,Pillar 2,436,83270
30/06/2020,Northern Ireland,Pillar 2,1,857
30/06/2020,Scotland,Pillar 2,5,2437
30/06/2020,Wales,Pillar 2,22,832
30/06/2020,UK,Pillar 2,464,87396
01/07/2020,England,Pillar 1,172,161220
01/07/2020,Northern Ireland,Pillar 1,2,4880
01/07/2020,Scotland,Pillar 1,4,15837
01/07/2020,Wales,Pillar 1,9,15775
01/07/2020,UK,Pillar 1,187,197712
01/07/2020,England,Pillar 2,434,83704
01/07/2020,Northern Ireland,Pillar 2,5,862
01/07/2020,Scotland,Pillar 2,7,2444
01/07/2020,Wales,Pillar 2,18,850
01/07/2020,UK,Pillar 2,464,87860
02/07/2020,England,Pillar 1,162,161382
02/07/2020,Northern Ireland,Pillar 1,1,4881
02/07/2020,Scotland,Pillar 1,2,15839
02/07/2020,Wales,Pillar 1,12,15787
02/07/2020,UK,Pillar 1,177,197889
02/07/2020,England,Pillar 2,396,84100
02/07/2020,Northern Ireland,Pillar 2,3,865
02/07/2020,Scotland,Pillar 2,11,2455
02/07/2020,Wales,Pillar 2,16,866
02/07/2020,UK,Pillar 2,426,88286
03/07/2020,England,Pillar 1,163,161545
03/07/2020,Northern Ireland,Pillar 1,2,4883
03/07/2020,Scotland,Pillar 1,2,15841
03/07/2020,Wales,Pillar 1,11,15798
03/07/2020,UK,Pillar 1,178,198067
03/07/2020,England,Pillar 2,380,84480
03/07/2020,Northern Ireland,Pillar 2,4,869
03/07/2020,Scotland,Pillar 2,4,2459
03/07/2020,Wales,Pillar 2,8,874
03/07/2020,UK,Pillar 2,396,88682
04/07/2020,England,Pillar 1,88,161633
04/07/2020,Northern Ireland,Pillar 1,0,4883
04/07/2020,Scotland,Pillar 1,3,15844
04/07/2020,Wales,Pillar 1,5,15803
04/07/2020,UK,Pillar 1,96,198163
04/07/2020,England,Pillar 2,299,84779
04/07/2020,Northern Ireland,Pillar 2,1,870
04/07/2020,Scotland,Pillar 2,2,2461
04/07/2020,Wales,Pillar 2,4,878
04/07/2020,UK,Pillar 2,306,88988
05/07/2020,England,Pillar 1,91,161724
05/07/2020,Northern Ireland,Pillar 1,0,4883
05/07/2020,Scotland,Pillar 1,2,15846
05/07/2020,Wales,Pillar 1,9,15812
05/07/2020,UK,Pillar 1,102,198265
05/07/2020,England,Pillar 2,448,85227
05/07/2020,Northern Ireland,Pillar 2,0,870
05/07/2020,Scotland,Pillar 2,0,2461
05/07/2020,Wales,Pillar 2,3,881
05/07/2020,UK,Pillar 2,451,89439
06/07/2020,England,Pillar 1,160,161884
06/07/2020,Northern Ireland,Pillar 1,5,4888
06/07/2020,Scotland,Pillar 1,6,15852
06/07/2020,Wales,Pillar 1,13,15825
06/07/2020,UK,Pillar 1,184,198449
06/07/2020,England,Pillar 2,492,85719
06/07/2020,Northern Ireland,Pillar 2,2,872
06/07/2020,Scotland,Pillar 2,2,2463
06/07/2020,Wales,Pillar 2,22,903
06/07/2020,UK,Pillar 2,518,89957
07/07/2020,England,Pillar 1,119,162003
07/07/2020,Northern Ireland,Pillar 1,2,4890
07/07/2020,Scotland,Pillar 1,1,15853
07/07/2020,Wales,Pillar 1,13,15838
07/07/2020,UK,Pillar 1,135,198584
07/07/2020,England,Pillar 2,434,86153
07/07/2020,Northern Ireland,Pillar 2,2,874
07/07/2020,Scotland,Pillar 2,10,2473
07/07/2020,Wales,Pillar 2,15,918
07/07/2020,UK,Pillar 2,461,90418
08/07/2020,England,Pillar 1,157,162160
08/07/2020,Northern Ireland,Pillar 1,5,4895
08/07/2020,Scotland,Pillar 1,1,15854
08/07/2020,Wales,Pillar 1,11,15849
08/07/2020,UK,Pillar 1,174,198758
08/07/2020,England,Pillar 2,503,86656
08/07/2020,Northern Ireland,Pillar 2,0,874
08/07/2020,Scotland,Pillar 2,10,2483
08/07/2020,Wales,Pillar 2,3,921
08/07/2020,UK,Pillar 2,516,90934
09/07/2020,England,Pillar 1,194,162354
09/07/2020,Northern Ireland,Pillar 1,0,4895
09/07/2020,Scotland,Pillar 1,0,15854
09/07/2020,Wales,Pillar 1,15,15864
09/07/2020,UK,Pillar 1,209,198967
09/07/2020,England,Pillar 2,485,87141
09/07/2020,Northern Ireland,Pillar 2,4,878
09/07/2020,Scotland,Pillar 2,7,2490
09/07/2020,Wales,Pillar 2,7,928
09/07/2020,UK,Pillar 2,503,91437
10/07/2020,England,Pillar 1,113,162467
10/07/2020,Northern Ireland,Pillar 1,0,4895
10/07/2020,Scotland,Pillar 1,0,15854
10/07/2020,Wales,Pillar 1,17,15881
10/07/2020,UK,Pillar 1,130,199097
10/07/2020,England,Pillar 2,408,87549
10/07/2020,Northern Ireland,Pillar 2,3,881
10/07/2020,Scotland,Pillar 2,12,2502
10/07/2020,Wales,Pillar 2,12,940
10/07/2020,UK,Pillar 2,435,91872
11/07/2020,England,Pillar 1,84,162551
11/07/2020,Northern Ireland,Pillar 1,1,4896
11/07/2020,Scotland,Pillar 1,5,15859
11/07/2020,Wales,Pillar 1,9,15890
11/07/2020,UK,Pillar 1,99,199196
11/07/2020,England,Pillar 2,331,87880
11/07/2020,Northern Ireland,Pillar 2,4,885
11/07/2020,Scotland,Pillar 2,4,2506
11/07/2020,Wales,Pillar 2,3,943
11/07/2020,UK,Pillar 2,342,92214
12/07/2020,England,Pillar 1,59,162610
12/07/2020,Northern Ireland,Pillar 1,0,4896
12/07/2020,Scotland,Pillar 1,1,15860
12/07/2020,Wales,Pillar 1,8,15898
12/07/2020,UK,Pillar 1,68,199264
12/07/2020,England,Pillar 2,285,88165
12/07/2020,Northern Ireland,Pillar 2,4,889
12/07/2020,Scotland,Pillar 2,1,2507
12/07/2020,Wales,Pillar 2,2,945
12/07/2020,UK,Pillar 2,292,92506
13/07/2020,England,Pillar 1,146,162756
13/07/2020,Northern Ireland,Pillar 1,0,4896
13/07/2020,Scotland,Pillar 1,6,15866
13/07/2020,Wales,Pillar 1,17,15915
13/07/2020,UK,Pillar 1,169,199433
13/07/2020,England,Pillar 2,538,88703
13/07/2020,Northern Ireland,Pillar 2,3,892
13/07/2020,Scotland,Pillar 2,11,2518
13/07/2020,Wales,Pillar 2,7,952
13/07/2020,UK,Pillar 2,559,93065
14/07/2020,England,Pillar 1,129,162885
14/07/2020,Northern Ireland,Pillar 1,1,4897
14/07/2020,Scotland,Pillar 1,1,15867
14/07/2020,Wales,Pillar 1,13,15928
14/07/2020,UK,Pillar 1,144,199577
14/07/2020,England,Pillar 2,512,89215
14/07/2020,Northern Ireland,Pillar 2,9,901
14/07/2020,Scotland,Pillar 2,9,2527
14/07/2020,Wales,Pillar 2,10,962
14/07/2020,UK,Pillar 2,540,93605
15/07/2020,England,Pillar 1,162,163047
15/07/2020,Northern Ireland,Pillar 1,0,4897
15/07/2020,Scotland,Pillar 1,1,15868
15/07/2020,Wales,Pillar 1,15,15943
15/07/2020,UK,Pillar 1,178,199755
15/07/2020,England,Pillar 2,558,89773
15/07/2020,Northern Ireland,Pillar 2,17,918
15/07/2020,Scotland,Pillar 2,15,2542
15/07/2020,Wales,Pillar 2,3,965
15/07/2020,UK,Pillar 2,593,94198
16/07/2020,England,Pillar 1,106,163153
16/07/2020,Northern Ireland,Pillar 1,3,4900
16/07/2020,Scotland,Pillar 1,1,15869
16/07/2020,Wales,Pillar 1,12,15955
16/07/2020,UK,Pillar 1,122,199877
16/07/2020,England,Pillar 2,524,90297
16/07/2020,Northern Ireland,Pillar 2,20,938
16/07/2020,Scotland,Pillar 2,20,2562
16/07/2020,Wales,Pillar 2,13,978
16/07/2020,UK,Pillar 2,577,94775
17/07/2020,England,Pillar 1,78,163231
17/07/2020,Northern Ireland,Pillar 1,0,4900
17/07/2020,Scotland,Pillar 1,3,15872
17/07/2020,Wales,Pillar 1,10,15965
17/07/2020,UK,Pillar 1,91,199968
17/07/2020,England,Pillar 2,452,90749
17/07/2020,Northern Ireland,Pillar 2,9,947
17/07/2020,Scotland,Pillar 2,5,2567
17/07/2020,Wales,Pillar 2,7,985
17/07/2020,UK,Pillar 2,473,95248
18/07/2020,England,Pillar 1,44,163275
18/07/2020,Northern Ireland,Pillar 1,1,4901
18/07/2020,Scotland,Pillar 1,2,15874
18/07/2020,Wales,Pillar 1,9,15974
18/07/2020,UK,Pillar 1,56,200024
18/07/2020,England,Pillar 2,411,91160
18/07/2020,Northern Ireland,Pillar 2,6,953
18/07/2020,Scotland,Pillar 2,11,2578
18/07/2020,Wales,Pillar 2,2,987
18/07/2020,UK,Pillar 2,430,95678
19/07/2020,England,Pillar 1,54,163329
19/07/2020,Northern Ireland,Pillar 1,0,4901
19/07/2020,Scotland,Pillar 1,3,15877
19/07/2020,Wales,Pillar 1,8,15982
19/07/2020,UK,Pillar 1,65,200089
19/07/2020,England,Pillar 2,313,91473
19/07/2020,Northern Ireland,Pillar 2,2,955
19/07/2020,Scotland,Pillar 2,14,2592
19/07/2020,Wales,Pillar 2,2,989
19/07/2020,UK,Pillar 2,331,96009
20/07/2020,England,Pillar 1,110,163439
20/07/2020,Northern Ireland,Pillar 1,2,4903
20/07/2020,Scotland,Pillar 1,0,15877
20/07/2020,Wales,Pillar 1,32,16014
20/07/2020,UK,Pillar 1,144,200233
20/07/2020,England,Pillar 2,526,91999
20/07/2020,Northern Ireland,Pillar 2,2,957
20/07/2020,Scotland,Pillar 2,13,2605
20/07/2020,Wales,Pillar 2,11,1000
20/07/2020,UK,Pillar 2,552,96561
21/07/2020,England,Pillar 1,64,163503
21/07/2020,Northern Ireland,Pillar 1,5,4908
21/07/2020,Scotland,Pillar 1,1,15878
21/07/2020,Wales,Pillar 1,27,16041
21/07/2020,UK,Pillar 1,97,200330
21/07/2020,England,Pillar 2,458,92457
21/07/2020,Northern Ireland,Pillar 2,6,963
21/07/2020,Scotland,Pillar 2,17,2622
21/07/2020,Wales,Pillar 2,26,1026
21/07/2020,UK,Pillar 2,507,97068
22/07/2020,England,Pillar 1,53,163556
22/07/2020,Northern Ireland,Pillar 1,3,4911
22/07/2020,Scotland,Pillar 1,2,15880
22/07/2020,Wales,Pillar 1,8,16049
22/07/2020,UK,Pillar 1,66,200396
22/07/2020,England,Pillar 2,384,92841
22/07/2020,Northern Ireland,Pillar 2,5,968
22/07/2020,Scotland,Pillar 2,13,2635
22/07/2020,Wales,Pillar 2,0,1026
22/07/2020,UK,Pillar 2,402,97470
23/07/2020,England,Pillar 1,11,163567
23/07/2020,Northern Ireland,Pillar 1,3,4914
23/07/2020,Scotland,Pillar 1,0,15880
23/07/2020,Wales,Pillar 1,0,16049
23/07/2020,UK,Pillar 1,14,200410
23/07/2020,England,Pillar 2,20,92861
23/07/2020,Northern Ireland,Pillar 2,9,977
23/07/2020,Scotland,Pillar 2,5,2640
23/07/2020,Wales,Pillar 2,0,1026
23/07/2020,UK,Pillar 2,34,97504
